Year,album_name,album_img,artist_ch,album_sale,album_circulation
2011,The Boys,http://img.gaonchart.co.kr/uploadDir/aoaAlbumImg/thumb/88B76814465A4BD5907140A4E5CB34E7.jpg,少女时代,"385,348",지니뮤직
2011,5집 Mr. Simple,http://img.gaonchart.co.kr/uploadDir/aoaAlbumImg/thumb/78FF73A108EE4FE483624348DDE90073.jpg,Super Junior,"343,348",지니뮤직
2011,'왜(Keep Your Head Down)' New Album,http://img.gaonchart.co.kr/uploadDir/aoaAlbumImg/thumb/334E0D6E15D44557BE461028A2BC806B.jpg,东方神起,"263,412",지니뮤직
2011,2집 In Heaven,http://img.gaonchart.co.kr/uploadDir/aoaAlbumImg/thumb/F513A06892E441B3BBD4A20918B50E5D.jpg,JYJ,"220,442",에이앤지모즈
2011,1집 Fiction And Fact,http://img.gaonchart.co.kr/uploadDir/aoaAlbumImg/thumb/DA81021C8F94403D92E80A3347F716EC.jpg,Beast,"142,272",Universal Music
2011,빅뱅 미니앨범 4집,,BIGBANG,"136,594",지니뮤직
2011,The 5th Album Repackage A-CHA,,Super Junior,"129,894",지니뮤직
2011,1집 First Step,,CNBLUE,"115,467",Stone Music Entertainment
2011,Break Down (EP),,金贤重,"114,642",Stone Music Entertainment
2011,Lucky (2nd Mini Album),,金贤重,"101,705",Stone Music Entertainment
2011,3집 Step,,Kara,"100,662",Stone Music Entertainment
2011,Hands Up,,2PM,"100,379",로엔엔터테인먼트
2011,빅뱅 스페셜에디션,,BIGBANG,"89,371",지니뮤직
2011,2NE1 2nd Mini Album,,2NE1,"85,819",지니뮤직
2011,2집 Last Fantasy,,IU,"71,860",로엔엔터테인먼트
2011,무한도전 서해안고속도로,,Various Artists,"71,300",지니뮤직
2011,Take A Deeper Look,,朴宰范,"66,316",예당컴퍼니
2011,In Heaven (Special Edition),,JYJ,"62,790",A&G MODES
2011,1집 `피노키오` f(x) The 1st Album,,f(x),"61,637",지니뮤직
2011,왜 (Keep Your Head Down) Repackage `이것만...,,东方神起,"60,205",지니뮤직
2011,5집 Tonight,,李晟基,"60,055",로엔엔터테인먼트
2011,박칼린의 칼린 셀렉츠 (Kolleen Selects),,Various Artists,"58,734",Warner Music
2011,정규1집 OVER THE TOP,,Infinite,"57,111",Stone Music Entertainment
2011,미남이시네요 OST,,Various Artists,"56,984",Sony Music
2011,Paradise,,Infinite,"56,465",Stone Music Entertainment
2011,RETURN (EP),,FTISLAND,"52,932",지니뮤직
2011,미남이시네요 OST Part 2,,Various Artists,"51,556",Sony Music
2011,Black Eyes,,T-ara,"48,205",로엔엔터테인먼트
2011,시크릿 가든 OST Special,,Various Artists,"47,823",Sony Music
2011,The 1st Asia Tour Concert `Into The Ne...,,少女时代,"46,568",지니뮤직
2011,‘Hot Summer‘ f(x) 1st Album Repackage,,f(x),"46,032",지니뮤직
2011,2011 SMTOWN Winter `The Warmest Gift`,,SM Town,"44,467",지니뮤직
2011,Real,,IU,"42,879",로엔엔터테인먼트
2011,1st Mini Album V.V.I.P,,胜利,"41,812",지니뮤직
2011,Mona Lisa,,MBLAQ,"41,025",Stone Music Entertainment
2011,7집 처음,,成诗京,"40,742",로엔엔터테인먼트
2011,나는 가수다 경연 1 (CD),,Various Artists,"39,297",로엔엔터테인먼트
2011,SuperJunior-M 2nd Mini Album `太完美`,,Super Junior-M,"37,756",S.M. Entertainment
2011,it B1A4,,B1A4,"36,342",포니캐년코리아
2011,Memory In FTIsland (ReMake Album),,FTISLAND,"36,143",Stone Music Entertainment
2011,GD & TOP,,GD&TOP (BIGBANG),"34,703",지니뮤직
2011,2집 Wonder World,,원더걸스 (Wonder Girls),"34,140",로엔엔터테인먼트
2011,4Minutes Left,,4Minute,"34,004",Universal Music
2011,'Run Devil Run' The 2nd Album (Repackage),,少女时代,"32,147",지니뮤직
2011,Let It Go (EP),,许永生,"32,078",로엔엔터테인먼트
2011,1집 A Class,,miss A,"31,885",로엔엔터테인먼트
2011,1집 BLAQ Style,,MBLAQ,"31,634",Stone Music Entertainment
2011,First Step ＋1 Thank You,,CNBLUE,"31,447",Stone Music Entertainment
2011,1집 To Anyone,,2NE1,"31,362",Stone Music Entertainment
2011,The 3rd Asia Tour Concert Album `Super...,,Super Junior,"30,951",IRIVER
2011,Inspirit,,Infinite,"30,143",Stone Music Entertainment
2011,존트라볼타 워너비,,T-ara,"30,116",로엔엔터테인먼트
2011,2nd Mini Album `Bluelove`,,CNBLUE,"29,665",Stone Music Entertainment
2011,Trouble Maker,,트러블메이커,"29,383",Universal Music
2011,Evolution,,Infinite,"28,143",Stone Music Entertainment
2011,7집 AsuRa BalBalTa,,리쌍,"27,755",로엔엔터테인먼트
2011,KimdongrYULE,,金东律,"27,724",로엔엔터테인먼트
2011,성균관 스캔들 OST,,Various Artists,"27,224",Warner Music
2011,1집 Virgin,,After School,"26,418",로엔엔터테인먼트
2011,‘Hello’ SHINee The 2nd Album Repackage,,SHINee,"26,300",지니뮤직
2011,넌 내게 반했어 OST Part 1,,Various Artists,"26,160",Stone Music Entertainment
2011,2011 빅뱅 콘서트 라이브 앨범 `Big Show`,,BIGBANG,"25,834",지니뮤직
2011,The Beginning (Worldwide Concert In Se...,,JYJ,"25,713",Warner Music
2011,드림하이 OST,,Various Artists,"25,347",로엔엔터테인먼트
2011,4집 Sixth Sense,,브라운아이드걸스,"25,239",로엔엔터테인먼트
2011,Mini Album 1집 `Bluetory`,,CNBLUE,"24,889",Stone Music Entertainment
2011,Roly-Poly in 코파카바나 (미니 리패키지),,T-ara,"24,179",로엔엔터테인먼트
2011,보스를 지켜라 OST,,Various Artists,"23,955",SBS 콘텐츠허브
2011,3rd Mini Plus Album Real+,,IU,"23,508",로엔엔터테인먼트
2011,"서바이벌 나는 가수다 (경연 1, 2)",,Various Artists,"23,084",로엔엔터테인먼트
2011,Let`s Fly,,B1A4,"22,895",포니캐년코리아
2011,Super Junior-M 2nd Mini Album `太完美` (R...,,Super Junior-M,"22,352",지니뮤직
2011,So 女,,레인보우 (Rainbow),"21,900",Stone Music Entertainment
2011,Don′t Touch My Girl (Single),,Boyfriend,"21,106",로엔엔터테인먼트
2011,New Kids On The Block,,Block B,"21,091",로엔엔터테인먼트
2011,2집 Oh!,,少女时代,"20,588",지니뮤직
2011,Bran New Kiss (EP),,U-Kiss,"20,216",로엔엔터테인먼트
2011,매리는 외박중 OST Part 1,,Various Artists,"19,979",포니캐년코리아
2011,Lights Go On Again,,Beast,"19,894",Universal Music
2011,Shock Of The New Era,,Beast,"19,487",Universal Music
2011,미스 리플리 OST,,Various Artists,"19,248",지니뮤직
2011,Roman,,Teen Top,"19,231",로엔엔터테인먼트
2011,Vol.2 Temptastic (EP),,T-ara,"18,978",Stone Music Entertainment
2011,1집 So Cool,,Sistar,"18,815",로엔엔터테인먼트
2011,Turn Me On,,김규종,"18,735",로엔엔터테인먼트
2011,BLAQ Style 3D Edition,,MBLAQ,"18,533",Stone Music Entertainment
2011,점핑 (Jumping),,Kara,"18,475",Stone Music Entertainment
2011,‘Hoot’ The 3rd Mini Album,,少女时代,"17,759",지니뮤직
2011,매리는 외박중 OST Part 2,,Various Artists,"17,610",포니캐년코리아
2011,Feel Brand New (EP),,이루 (ERU),"17,516",로엔엔터테인먼트
2011,세시봉 친구들 (3CD),,"송창식, 윤형주, 김세환","17,465",Universal Music
2011,Not Alone (Single),,박정민,"17,450",로엔엔터테인먼트
2011,여인의 향기 OST,,Various Artists,"17,308",로엔엔터테인먼트
2011,내가 갈게 (I′ll be there),,Boyfriend,"16,999",로엔엔터테인먼트
2011,Lights Go On Again (Deluxe Special Asi...,,Beast,"16,891",Universal Music
2011,1집 Moving In Secret,,시크릿 (Secret),"16,619",로엔엔터테인먼트
2011,2011 마커스 라이브 워십,,마커스,"16,520",Sony Music
2011,3집 O -正.反.合. (정반합),,东方神起,"15,827",지니뮤직
2011,2집 Revolution,,Kara,"15,759",Stone Music Entertainment
2011,시크릿 가든 OST,,Various Artists,"15,747",Sony Music
2012,"6집 Sexy, Free & Single",http://img.gaonchart.co.kr/uploadDir/aoaAlbumImg/thumb/34FDA916454748D3A83D8745B071CAC5.jpg,Super Junior,"356,431",지니뮤직
2012,Alive,http://img.gaonchart.co.kr/uploadDir/aoaAlbumImg/thumb/EE9539C48DD549CF9D5F5278819C70E0.png,BIGBANG,"266,848",지니뮤직
2012,6집 Catch Me,http://img.gaonchart.co.kr/uploadDir/aoaAlbumImg/thumb/CFAE0EF4104B4AEF8D456FC9575A6DFD.jpg,东方神起,"256,447",지니뮤직
2012,One Of A Kind,http://img.gaonchart.co.kr/uploadDir/aoaAlbumImg/thumb/0580775FA9B742269167CAA529622A15.jpg,G-Dragon,"204,326",지니뮤직
2012,‘Sherlock’ SHINee The 4th Mini Album,http://img.gaonchart.co.kr/uploadDir/aoaAlbumImg/thumb/AA75B46C77164A7F93CCC3290DBC309A.jpg,SHINee,"181,415",지니뮤직
2012,BigBang Special Edition `Still Alive`,,BIGBANG,"148,030",지니뮤직
2012,‘MAMA’ EXO-K The 1st Mini Album,,EXO-K,"145,925",지니뮤직
2012,‘Twinkle’ TTS Mini Album,,少女时代,"144,222",지니뮤직
2012,Midnight Sun,,Beast,"144,175",Universal Music
2012,Infinitize,,Infinite,"140,277",로엔엔터테인먼트
2012,버스커 버스커 1집,,Busker Busker,"136,234",Stone Music Entertainment
2012,Tarantallegra,,XIA俊秀,"127,620",에이앤지모즈
2012,‘SPY’ The 6th Album Repackage,,Super Junior,"124,191",지니뮤직
2012,3rd Mini Album Ear Fun,,CNBLUE,"122,515",Stone Music Entertainment
2012,6집 싸이6甲 Part 1,,Psy,"106,594",지니뮤직
2012,10집 The Return,,神话,"83,058",Stone Music Entertainment
2012,Humanoids (Repackage),,东方神起,"80,386",지니뮤직
2012,1집 New Breed,,朴宰范,"76,829",Universal Music
2012,Funky Town,,T-ara,"76,749",로엔엔터테인먼트
2012,‘Electric Shock’ The 2nd Mini Album,,f(x),"74,694",지니뮤직
2012,Another Me,,金圣圭(Infinite),"70,552",로엔엔터테인먼트
2012,Pandora,,Kara,"70,425",Stone Music Entertainment
2012,"23, Male, Single",,장우영 (2PM),"68,462",지니뮤직
2012,It`s,,Teen Top,"65,269",로엔엔터테인먼트
2012,In The Wind,,B1A4,"63,664",포니캐년코리아
2012,Grown-Up,,FTISLAND,"60,891",Stone Music Entertainment
2012,Uncommitted,,XIA俊秀,"60,000",에이앤지모즈
2012,MBLAQ 4th Mini Album `100%Ver.`,,MBLAQ,"58,175",Stone Music Entertainment
2012,Volume Up,,4Minute,"56,174",Universal Music
2012,The First Collage,,양요섭 (비스트),"53,754",Universal Music
2012,4집 Five Treasure Box,,FTISLAND,"53,439",Stone Music Entertainment
2012,The Boys,,少女时代,"52,863",지니뮤직
2012,The B1A4Ⅰ`IGNITION` Special Edition,,B1A4,"52,562",포니캐년코리아
2012,1집 The B1A4Ⅰ(IGNITION),,B1A4,"50,733",포니캐년코리아
2012,aRtisT,,Teen Top,"45,979",로엔엔터테인먼트
2012,형돈이와 대준이 미니 3집/닭크 껭스타(CD),,형돈이와 대준이,"44,496",로엔엔터테인먼트
2012,2집 Last Fantasy,,IU,"43,137",로엔엔터테인먼트
2012,The 5th Album Repackage A-CHA,,Super Junior,"41,207",지니뮤직
2012,Day By Day,,T-ara,"40,928",로엔엔터테인먼트
2012,Paradise,,Infinite,"40,744",Stone Music Entertainment
2012,Principle Of My Soul,,나얼,"39,376",로엔엔터테인먼트
2012,1집 Blockbuster,,Block B,"39,130",로엔엔터테인먼트
2012,버스커 버스커 1집 마무리,,Busker Busker,"38,310",Stone Music Entertainment
2012,Warrior,,B.A.P,"34,882",로엔엔터테인먼트
2012,7집 Only One,,BoA,"34,255",지니뮤직
2012,Welcome To The Block,,Block B,"33,925",로엔엔터테인먼트
2012,스무 살의 봄,,IU,"33,486",로엔엔터테인먼트
2012,Power,,B.A.P,"33,255",로엔엔터테인먼트
2012,F.Scott Fitzgerald′s Way Of Love,,2AM,"32,553",지니뮤직
2012,Mirage,,T-ara,"32,155",로엔엔터테인먼트
2012,The 1st Asia Tour Concert Album `SHINe...,,SHINee,"31,958",지니뮤직
2012,야누스,,Boyfriend,"29,480",로엔엔터테인먼트
2012,5집 Mr. Simple,,Super Junior,"29,174",지니뮤직
2012,7집 99,,Epik High,"27,887",지니뮤직
2012,Wonder Party,,원더걸스 (Wonder Girls),"27,201",지니뮤직
2012,5집 Slip Away,,Nell,"26,143",로엔엔터테인먼트
2012,Love Style,,Boyfriend,"24,732",로엔엔터테인먼트
2012,사랑비 OST,,Various Artists,"24,520",Universal Music
2012,넌 내게 반했어 OST Part 1,,Various Artists,"24,199",Stone Music Entertainment
2012,Winter Poetry,,신혜성 (신화),"24,102",Stone Music Entertainment
2012,MBLAQ 4th Mini Album ′BLAQ%Ver.′,,MBLAQ,"23,300",Stone Music Entertainment
2012,All Night (EP),,백청강,"23,300",지니뮤직
2012,Face (Single),,NUEST,"23,108",로엔엔터테인먼트
2012,1집 Une Annee,,Apink,"22,804",Stone Music Entertainment
2012,No Mercy,,B.A.P,"22,585",로엔엔터테인먼트
2012,미니앨범 Ulala Sensation,,울랄라세션,"22,316",Stone Music Entertainment
2012,하지마,,B.A.P,"21,639",로엔엔터테인먼트
2012,Touch,,miss A,"21,613",지니뮤직
2012,베스트앨범 2PM Member′s Selection,,2PM,"21,183",로엔엔터테인먼트
2012,Evolution,,Infinite,"21,159",Stone Music Entertainment
2012,숲,,李晟基,"20,882",로엔엔터테인먼트
2012,Action,,NUEST,"20,770",로엔엔터테인먼트
2012,Summer Special `Loving U`,,Sistar,"19,296",로엔엔터테인먼트
2012,1집 First Step,,CNBLUE,"19,265",Stone Music Entertainment
2012,Knock (EP),,존 박,"18,741",로엔엔터테인먼트
2012,2NE1 2nd Mini Album,,2NE1,"18,416",지니뮤직
2012,Inspirit,,Infinite,"18,165",Stone Music Entertainment
2012,김광석 Best,,金光锡,"17,948",Stone Music Entertainment
2012,1집 Fiction And Fact,,Beast,"17,912",Universal Music
2012,Alone,,Sistar,"17,802",로엔엔터테인먼트
2012,I`m Da One,,조권 (2AM),"17,547",KMP 홀딩스
2012,미니 2집 Solo,,许永生,"17,547",로엔엔터테인먼트
2012,대박사건,,B.A.P,"17,495",로엔엔터테인먼트
2012,1st Mini Album `First Invasion`,,Infinite,"17,154",Stone Music Entertainment
2012,it B1A4,,B1A4,"17,080",포니캐년코리아
2012,맥시싱글 Flashback,,After School,"16,885",로엔엔터테인먼트
2012,1집 Heartbreaker,,G-Dragon,"16,792",지니뮤직
2012,응답하라 1997 감독판 OST,,Various Artists,"16,736",Stone Music Entertainment
2012,SM Best Album 3,,Various Artists,"16,686",지니뮤직
2012,GD & TOP,,GD&TOP (BIGBANG),"16,518",지니뮤직
2012,닥터 진 OST,,Various Artists,"16,485",로엔엔터테인먼트
2012,옥탑방 왕세자 OST Vol.1,,Various Artists,"16,330",SBS 콘텐츠허브
2012,SE7EN NEW MINI ALBUM,,세븐 (SE7EN),"16,274",YG PLUS
2012,Let`s Fly,,B1A4,"15,430",포니캐년코리아
2012,‘Hot Summer‘ f(x) 1st Album Repackage,,f(x),"15,309",지니뮤직
2012,Tara′s Free Time In Paris & Swiss,,T-ara,"15,270",로엔엔터테인먼트
2012,4집 Supersonic,,윤하,"15,110",에이앤지모즈
2012,폭풍속으로 (She`s Gone),,초신성,"15,047",Stone Music Entertainment
2012,넌 내게 반했어 OST Part 2,,Various Artists,"14,902",Stone Music Entertainment
2012,Lee Seung Gi The Best,,李晟基,"14,577",로엔엔터테인먼트
2013,‘XOXO(Kiss Ver.)' EXO 正规1辑Repackage,http://img.gaonchart.co.kr/uploadDir/aoaAlbumImg/thumb/222F0253535F42028BBA73D87C5EFDA3.jpg,EXO,"335,823",지니뮤직
2013,I Got A Boy,http://img.gaonchart.co.kr/uploadDir/aoaAlbumImg/thumb/F78C2277548A49D096F0545E2E56F40F.jpg,少女时代,"293,302",지니뮤직
2013,12月的奇迹,http://img.gaonchart.co.kr/uploadDir/aoaAlbumImg/thumb/56A2B6EF848641CF957F32F6AD387F6F.jpg,EXO,"269,597",지니뮤직
2013,19집 Hello,http://img.gaonchart.co.kr/uploadDir/aoaAlbumImg/thumb/DB37E90D19B0471784ED987D02004058.jpg,EXO,"262,825",지니뮤직
2013,革命 (COUP D′ETAT),http://img.gaonchart.co.kr/uploadDir/aoaAlbumImg/thumb/4419E5099A0B4154B50AEEDEBC97DE3E.jpg,조용필,"250,046",Universal Music
2013,SHINee The 3rd Album Chapter 1. 'Dream Girl - The Misconceptions of You',,G-Dragon,"195,603",지니뮤직
2013,Destiny,,SHINee,"185,357",지니뮤직
2013,New Challenge,,Infinite,"163,379",로엔엔터테인먼트
2013,I,,Infinite,"162,797",로엔엔터테인먼트
2013,WWW,,金在中 (JYJ),"148,074",에이앤지모즈
2013,SHINee The 3rd Album Chapter 2. 'Why So Serious? - The Misconceptions of You',,金在中 (JYJ),"132,940",에이앤지모즈
2013,The 5th Mini Album 'Everybody',,SHINee,"131,438",지니뮤직
2013,Re_Blue,,SHINee,"129,003",지니뮤직
2013,3집 Grown,,CNBLUE,"128,026",Stone Music Entertainment
2013,Jekyll,,2PM,"116,278",지니뮤직
2013,Round 3,,VIXX,"112,259",Stone Music Entertainment
2013,이게 무슨 일이야,,金贤重,"111,776",Stone Music Entertainment
2013,"2집 Hard To Love, How To Love",,B1A4,"101,988",포니캐년코리아
2013,Fly High,,Beast,"101,928",Universal Music
2013,Incredible,,인피니트H,"93,884",로엔엔터테인먼트
2013,Badman,,XIA俊秀,"90,787",로엔엔터테인먼트
2013,One Shot,,B.A.P,"88,989",로엔엔터테인먼트
2013,1집 No.1,,B.A.P,"86,386",로엔엔터테인먼트
2013,Pink Tape,,Teen Top,"81,956",로엔엔터테인먼트
2013,11집 The Classic,,f(x),"81,825",지니뮤직
2013,Let′s Talk About Love,,神话,"78,727",Stone Music Entertainment
2013,Let′s Talk About Love,,胜利,"77,532",지니뮤직
2013,틴탑 클래스,,Teen Top,"73,365",로엔엔터테인먼트
2013,'MAMA' EXO-K The 1st Mini Album,,EXO-K,"72,415",지니뮤직
2013,버스커 버스커 2집,,Busker Busker,"70,148",Stone Music Entertainment
2013,Voodoo,,VIXX,"62,960",Stone Music Entertainment
2013,Y,,金在中 (JYJ),"62,000",에이앤지모즈
2013,Very Good,,Block B,"61,396",Stone Music Entertainment
2013,2집 Break Down,,Super Junior-M,"54,095",지니뮤직
2013,hyde,,VIXX,"52,649",Stone Music Entertainment
2013,4집 Full Bloom,,Kara,"46,830",로엔엔터테인먼트
2013,Secret Garden,,Apink,"46,026",Stone Music Entertainment
2013,SHINee the 3rd Album Repackage 'The Misconceptions of Us’,,SHINee,"45,657",지니뮤직
2013,One Of A Kind,,G-Dragon,"45,332",지니뮤직
2013,Illusion,,제국의 아이들 (ZE:A),"41,221",지니뮤직
2013,3집 Modern Times,,IU,"40,360",로엔엔터테인먼트
2013,11집 My Love,,李承哲,"39,124",Stone Music Entertainment
2013,Trap,,헨리,"38,388",지니뮤직
2013,김광석 Best,,金光锡,"38,108",Stone Music Entertainment
2013,The Mood,,FTISLAND,"36,393",Stone Music Entertainment
2013,Love Beat,,MBLAQ,"36,205",Stone Music Entertainment
2013,다칠 준비가 돼 있어,,VIXX,"35,906",Stone Music Entertainment
2013,Present,,CNBLUE,"35,657",Stone Music Entertainment
2013,1st Mini Album,,My Name,"35,490",로엔엔터테인먼트
2013,Thanks To,,FTISLAND,"34,249",Stone Music Entertainment
2013,"O! RUL8 ,2?",,防弹少年团,"34,030",로엔엔터테인먼트
2013,Sexy Beat,,MBLAQ,"33,736",Stone Music Entertainment
2013,무한도전 자유로 가요제,,Various Artists,"30,000",지니뮤직
2013,Chemistry,,트러블메이커,"29,970",Universal Music
2013,전원일기,,티아라 N4,"28,360",로엔엔터테인먼트
2013,Flower,,용준형,"27,703",Universal Music
2013,틴탑 클래스 어디션,,Teen Top,"27,225",로엔엔터테인먼트
2013,버스커 버스커 1집,,Busker Busker,"25,161",Stone Music Entertainment
2013,I yah (Repackage),,Boyfriend,"24,675",로엔엔터테인먼트
2013,Again,,T-ara,"24,652",지니뮤직
2013,2 Cool 4 Skool,,防弹少年团,"24,441",로엔엔터테인먼트
2013,스릴러,,BTOB,"23,949",Universal Music
2013,Grown (Grand Edition),,2PM,"23,336",지니뮤직
2013,Give It To Me,,Sistar,"22,365",로엔엔터테인먼트
2013,6집 싸이6甲 Part 1,,Psy,"22,094",지니뮤직
2013,어느 봄날,,2AM,"21,737",지니뮤직
2013,Paradise,,Infinite,"20,843",Stone Music Entertainment
2013,Super Junior World Tour Super Show 4,,Super Junior,"20,263",지니뮤직
2013,2013 G-Dragon World Tour 'One of A Kind in Seoul',,G-Dragon,"20,031",지니뮤직
2013,2011 Girls′ Generation Tour,,少女时代,"19,836",지니뮤직
2013,3집 _ COLLAGE,,U-Kiss,"19,440",윈드밀미디어
2013,2012 BIGBANG Alive Tour Live Album,,BIGBANG,"19,390",지니뮤직
2013,Moments,,U-Kiss,"18,956",티에스앤컴퍼니
2013,1집 First Love,,이하이,"18,924",지니뮤직
2013,Big Bang - 2013 Big Bang Alive Galaxy Tour Live [The Final in Seoul],,BIGBANG,"18,466",지니뮤직
2013,1집 Love Love Love,,로이킴,"17,364",Stone Music Entertainment
2013,Great Wave,,申昇勋,"17,257",Stone Music Entertainment
2013,2집 Mystic Ballad,,다비치,"17,046",로엔엔터테인먼트
2013,Monochrome,,이효리,"16,868",Stone Music Entertainment
2013,Infinitize,,Infinite,"16,753",로엔엔터테인먼트
2013,Doom Dada (Special Edition),,탑 (T.O.P),"16,704",지니뮤직
2013,In The Wind,,B1A4,"16,267",포니캐년코리아
2013,Name Is 4Minute,,4Minute,"15,620",Universal Music
2013,Again 1977,,T-ara,"15,611",지니뮤직
2013,BigBang Special Edition 'Still Alive',,BIGBANG,"15,610",지니뮤직
2013,응답하라 1994 OST,,Various Artists,"15,287",Stone Music Entertainment
2013,"9집 Goodbye, Grief.",,자우림,"15,075",윈드밀미디어
2013,The 2nd Single,,My Name,"14,576",로엔엔터테인먼트
2013,'Sherlock' SHINee The 4th Mini Album,,SHINee,"14,301",지니뮤직
2013,여보세요,,NUEST,"14,249",로엔엔터테인먼트
2013,Humanoids (Repackage),,东方神起,"14,196",지니뮤직
2013,'No.1' 리패키지 스페셜 에디션,,Teen Top,"14,175",로엔엔터테인먼트
2013,OST Best (Flash Back),,백지영,"14,026",Sony Music
2013,있다 없으니까,,씨스타 19,"13,964",로엔엔터테인먼트
2013,잠꼬대,,NUEST,"13,825",로엔엔터테인먼트
2013,My Everything,,이민호,"13,654",로엔엔터테인먼트
2013,1집 Heartbreaker,,G-Dragon,"13,566",지니뮤직
2013,첫사랑,,After School,"13,563",로엔엔터테인먼트
2013,The Streets Go Disco,,크레용팝 (Crayon Pop),"13,434",Sony Music
2013,기대,,Girl's Day,"13,431",로엔엔터테인먼트
2014,중독 (Overdose),http://img.gaonchart.co.kr/uploadDir/aoaAlbumImg/thumb/13268D6B2AB040CEB4FF583EE0E27B50.jpg,EXO-K,"385,047",지니뮤직
2014,7집 Mamacita,http://img.gaonchart.co.kr/uploadDir/aoaAlbumImg/thumb/1FA6138DDDD54A7EB692586F3E3C2B65.jpg,Super Junior,"265,781",지니뮤직
2014,Tense,http://img.gaonchart.co.kr/uploadDir/aoaAlbumImg/thumb/DD287707BFAE43F9B0E7EB93B5768B5B.jpg,东方神起,"196,971",지니뮤직
2014,The 4th Mini Album `Mr.Mr.`,http://img.gaonchart.co.kr/uploadDir/aoaAlbumImg/thumb/DE336B85D6E141338707C920CA9AD424.jpg,少女时代,"163,209",지니뮤직
2014,JUST US,http://img.gaonchart.co.kr/uploadDir/aoaAlbumImg/thumb/828472377A164E43A65F88A460BCF31A.jpg,JYJ,"154,804",로엔엔터테인먼트
2014,Season 2,,Infinite,"152,479",로엔엔터테인먼트
2014,The 7th Album Special Edition `THIS IS...,,Super Junior,"143,515",지니뮤직
2014,Good Luck,,Beast,"134,449",Universal Music
2014,Who Am I,,B1A4,"126,561",포니캐년코리아
2014,Can′t Stop,,CNBLUE,"117,371",Stone Music Entertainment
2014,The 7th Album Repackage `수리수리 (Spellbo...,,东方神起,"110,566",지니뮤직
2014,First Sensibility,,B.A.P,"106,190",로엔엔터테인먼트
2014,Dark & Wild,,防弹少年团,"100,906",로엔엔터테인먼트
2014,정규1집 리패키지 XOXO (Kiss Ver.),,EXO,"98,421",지니뮤직
2014,Error,,VIXX,"90,195",Stone Music Entertainment
2014,Be Back,,Infinite,"89,548",로엔엔터테인먼트
2014,Solo Day,,B1A4,"86,711",포니캐년코리아
2014,Red Light,,f(x),"86,143",지니뮤직
2014,Skool Luv Affair,,防弹少年团,"86,004",로엔엔터테인먼트
2014,H.E.R,,Block B,"84,543",Stone Music Entertainment
2014,Holler,,少女时代,"82,904",지니뮤직
2014,Ace,,泰民,"82,807",지니뮤직
2014,Eternity,,VIXX,"82,666",Stone Music Entertainment
2014,2014S/S,,WINNER,"80,262",지니뮤직
2014,EXOLOGY CHAPTER 1_ THE LOST PLANET,,EXO,"78,946",지니뮤직
2014,1st Mini Album,,투하트(우현&키),"74,242",로엔엔터테인먼트
2014,Identify,,GOT7,"70,928",지니뮤직
2014,Teen Top Exito,,Teen Top,"70,823",로엔엔터테인먼트
2014,Time,,Beast,"69,004",Universal Music
2014,Pink Blossom,,Apink,"66,139",로엔엔터테인먼트
2014,Swing,,Super Junior-M,"66,012",지니뮤직
2014,2NE1 NEW ALBUM `CRUSH`,,2NE1,"66,004",지니뮤직
2014,12월의 기적 (Miracles in December) (Korean...,,EXO,"65,902",지니뮤직
2014,광화문에서,,圭贤,"63,050",지니뮤직
2014,Pink LUV,,Apink,"61,523",로엔엔터테인먼트
2014,GOT♡,,GOT7,"59,725",지니뮤직
2014,RISE,,태양,"58,435",지니뮤직
2014,‘MAMA’ EXO-K The 1st Mini Album,,EXO-K,"57,760",지니뮤직
2014,동행,,金东律,"53,777",로엔엔터테인먼트
2014,First Single Album 靑,,인피니트 F (Infinite F),"52,914",로엔엔터테인먼트
2014,미친거 아니야?,,2PM,"52,840",지니뮤직
2014,Got it ?,,GOT7,"51,689",지니뮤직
2014,WWW 화장을 지우다,,金在中 (JYJ),"50,000",에이앤지모즈
2014,Chapter8,,god,"43,449",Stone Music Entertainment
2014,Da Capo,,토이 (Toy),"42,934",Stone Music Entertainment
2014,꽃갈피,,IU,"42,767",로엔엔터테인먼트
2014,김광석 Best,,金光锡,"42,721",Stone Music Entertainment
2014,Quiet Night,,서태지,"42,705",Stone Music Entertainment
2014,S.M. The Ballad Vol.2 Breath (Korean V...,,S.M. THE BALLAD,"39,917",지니뮤직
2014,XOXO (Kiss Ver.),,EXO,"38,701",지니뮤직
2014,Rain Effect,,비 (Rain),"37,431",로엔엔터테인먼트
2014,SERENDIPITY,,이선희,"36,305",로엔엔터테인먼트
2014,PLAY,,악동뮤지션 (AKMU),"35,583",지니뮤직
2014,뛰뛰빵빵,,BTOB,"35,052",Universal Music
2014,Evolution,,朴宰范,"33,512",Stone Music Entertainment
2014,Timing,,金贤重,"33,329",Stone Music Entertainment
2014,Voodoo,,VIXX,"32,183",Stone Music Entertainment
2014,The Origin (한정반),,Infinite,"29,950",지니뮤직
2014,신발장,,Epik High,"28,452",지니뮤직
2014,The 4th World Tour,,东方神起,"28,106",지니뮤직
2014,Unplugged 2014,,B.A.P,"27,444",로엔엔터테인먼트
2014,Jackpot (Special Edition),,Block B,"27,421",Stone Music Entertainment
2014,Day & Night,,카라,"27,177",로엔엔터테인먼트
2014,별에서 온 그대 OST,,Various Artists,"26,993",로엔엔터테인먼트
2014,Obsession,,Boyfriend,"25,297",로엔엔터테인먼트
2014,fall to fly-前,,이승환,"24,441",지니뮤직
2014,Girl′s Day Everyday #4,,Girl's Day,"23,773",로엔엔터테인먼트
2014,The Winter′s Tale,,BTOB,"22,137",Universal Music
2014,Witch,,Boyfriend,"21,598",로엔엔터테인먼트
2014,Girl′s Day Everyday III,,Girl's Day,"20,814",로엔엔터테인먼트
2014,슈가프리,,T-ara,"20,677",지니뮤직
2014,사뿐사뿐,,AOA,"20,179",Stone Music Entertainment
2014,미친거 아니야? (Grand Edition),,2PM,"19,975",지니뮤직
2014,Move,,BTOB,"19,643",Universal Music
2014,Fantastic,,헨리,"19,231",지니뮤직
2014,Broken,,MBLAQ,"18,597",Stone Music Entertainment
2014,리패키지 Teen Top 20′s Love Two Exito,,Teen Top,"18,593",로엔엔터테인먼트
2014,Frozen OST (한국어 더빙 버전),,Various Artists,"18,505",Universal Music
2014,Secret Garden,,Apink,"18,101",Stone Music Entertainment
2014,Thank Your Soul - SIDE A,,브라운 아이드 소울 (Brown Eyed Soul),"17,701",Stone Music Entertainment
2014,GOOD BOY,,GD X TAEYANG (BIGBANG),"17,346",지니뮤직
2014,First Homme,,제국의 아이들 (ZE:A),"16,770",지니뮤직
2014,"O! RUL8 ,2?",,防弹少年团,"16,412",로엔엔터테인먼트
2014,Continuum,,플라이 투 더 스카이 (Fly To The Sky),"16,365",로엔엔터테인먼트
2014,JAPAN BEST ′ALL ABOUT′,,FTISLAND,"16,069",Stone Music Entertainment
2014,Never Ever,,지연,"15,639",지니뮤직
2014,Newton′s Apple,,Nell,"15,351",로엔엔터테인먼트
2014,단발머리,,AOA,"14,869",Stone Music Entertainment
2014,Skool Luv Affair Special Addition,,防弹少年团,"14,852",로엔엔터테인먼트
2014,노래할게,,이민호,"14,822",Universal Music
2014,Touch & Move,,Sistar,"14,548",로엔엔터테인먼트
2014,Winter Wonderland,,成诗京,"13,961",Stone Music Entertainment
2014,Mono Scandal,,U-Kiss,"13,942",윈드밀미디어
2014,11집 My Love,,李承哲,"13,522",Stone Music Entertainment
2014,Teenager,,정준영,"13,497",Stone Music Entertainment
2014,Re_BIRTH,,NUEST,"13,308",로엔엔터테인먼트
2014,2 Cool 4 Skool,,防弹少年团,"13,040",로엔엔터테인먼트
2014,SHINee The 3rd Concert Album SHINee WO...,,SHINee,"13,000",지니뮤직
2014,Mr.Gae,,Gary,"12,870",로엔엔터테인먼트
2014,Pink Tape,,f(x),"12,661",지니뮤직
2015,EXODUS (Korean Ver.),http://img.gaonchart.co.kr/uploadDir/aoaAlbumImg/thumb/0FDF76CD6F9E48589CA15E1BC534F32C.jpg,EXO,"478,856",지니뮤직
2015,Sing For You (Korean Ver.),http://img.gaonchart.co.kr/uploadDir/aoaAlbumImg/thumb/6E20A64FEFC54E489917C36402A6AA74.jpg,EXO,"318,698",지니뮤직
2015,LOVE ME RIGHT - The 2nd Album Repackag...,http://img.gaonchart.co.kr/uploadDir/aoaAlbumImg/thumb/84527F573C344A1C9684E9C915DCBA1F.jpg,EXO,"299,623",지니뮤직
2015,화양연화 pt.2,http://img.gaonchart.co.kr/uploadDir/aoaAlbumImg/thumb/B4EC71E5B161417AB4CA1C6EA6DE2AC5.png,防弹少年团,"274,135",로엔엔터테인먼트
2015,화양연화 pt.1,http://img.gaonchart.co.kr/uploadDir/aoaAlbumImg/thumb/402A9FA0939844C180DA3C9A92AAF7D8.png,防弹少年团,"203,664",로엔엔터테인먼트
2015,Odd - The 4th Album,,SHINee,"172,999",지니뮤직
2015,DEVIL - SUPER JUNIOR SPECIAL ALBUM,,Super Junior,"167,742",지니뮤직
2015,RISE AS GOD - TVXQ! SPECIAL ALBUM,,东方神起,"151,625",지니뮤직
2015,Reality,,Infinite,"148,812",로엔엔터테인먼트
2015,Lion Heart - The 5th Album,,少女时代,"145,044",지니뮤직
2015,M,,BIGBANG,"134,296",지니뮤직
2015,2nd Mini Album `BOYS BE`,,Seventeen,"122,784",로엔엔터테인먼트
2015,I - The 1st Mini Album,,泰妍,"119,576",지니뮤직
2015,어느 멋진 날,,정용화(Jung Yong Hwa),"115,203",Stone Music Entertainment
2015,Chained Up,,VIXX,"114,326",Stone Music Entertainment
2015,E,,BIGBANG,"105,287",지니뮤직
2015,MATRIX,,B.A.P,"98,276",로엔엔터테인먼트
2015,Boys′ Record,,VIXX,"97,649",Stone Music Entertainment
2015,A,,BIGBANG,"97,390",지니뮤직
2015,MAGIC - SUPER JUNIOR SPECIAL ALBUM PAR...,,Super Junior,"94,983",지니뮤직
2015,MAD,,GOT7,"91,119",지니뮤직
2015,Just right,,GOT7,"90,539",지니뮤직
2015,D,,BIGBANG,"88,131",지니뮤직
2015,Ordinary,,Beast,"87,524",Universal Music
2015,Married To The Music - The 4th Album R...,,SHINee,"87,280",지니뮤직
2015,Pink MEMORY,,Apink,"84,772",로엔엔터테인먼트
2015,2gether,,CNBLUE,"82,748",Stone Music Entertainment
2015,2015 쇼팽 콩쿠르 우승 실황앨범,,조성진,"80,636",Universal Music
2015,PARTY,,少女时代,"76,385",지니뮤직
2015,4 Walls - The 4th Album,,f(x),"75,625",지니뮤직
2015,2nd Mini Album `27`,,金圣圭(Infinite),"75,001",로엔엔터테인먼트
2015,The 1st Mini Album `BASE`,,钟铉,"72,161",지니뮤직
2015,SUPER JUNIOR-D&E `The Beat Goes On`,,SUPER JUNIOR-D&E,"70,876",지니뮤직
2015,Beautiful Liar,,LR(VIXX),"68,437",Stone Music Entertainment
2015,Flower,,XIA俊秀,"67,871",로엔엔터테인먼트
2015,Sweet Girl,,B1A4,"65,626",로엔엔터테인먼트
2015,WELCOME BACK (Half),,iKON,"65,171",지니뮤직
2015,NO.5,,2PM,"62,618",지니뮤직
2015,Dear Santa - X-Mas Special,,少女时代,"60,456",지니뮤직
2015,꼭 어제,,XIA俊秀,"58,870",로엔엔터테인먼트
2015,WE,,神话,"57,808",Stone Music Entertainment
2015,NATURAL BORN TEEN TOP,,Teen Top,"56,940",로엔엔터테인먼트
2015,Rush,,MonstaX,"54,637",로엔엔터테인먼트
2015,1st Mini Album `17 CARAT`,,Seventeen,"52,738",로엔엔터테인먼트
2015,WELCOME BACK (Full),,iKON,"52,312",지니뮤직
2015,THE STORY BEGINS,,TWICE,"49,904",지니뮤직
2015,The 1st Mini Album `Ice Cream Cake`,,Red Velvet,"48,815",지니뮤직
2015,I WILL,,FTISLAND,"47,767",Stone Music Entertainment
2015,Complete,,BTOB,"47,638",Universal Music
2015,The Red - The 1st Album,,Red Velvet,"46,571",지니뮤직
2015,I Mean,,BTOB,"46,144",Universal Music
2015,"다시, 가을이 오면 - The 2nd Mini Album",,圭贤,"45,387",지니뮤직
2015,CHAT-SHIRE,,IU,"43,184",로엔엔터테인먼트
2015,Heart Attack,,AOA,"42,164",Stone Music Entertainment
2015,Fly Again,,인피니트H,"41,888",로엔엔터테인먼트
2015,FM302,,이홍기,"36,925",Stone Music Entertainment
2015,The Beat Goes On` Special Edition,,SUPER JUNIOR-D&E,"36,698",지니뮤직
2015,품행제로,,BASTARZ(BlockB),"33,137",Stone Music Entertainment
2015,WORLDWIDE,,朴宰范,"32,776",Stone Music Entertainment
2015,TRESPASS,,MonstaX,"31,085",로엔엔터테인먼트
2015,Girl`s Day Love Second Album,,Girl's Day,"30,212",로엔엔터테인먼트
2015,Skool Luv Affair,,防弹少年团,"27,954",로엔엔터테인먼트
2015,GALLERY,,지코 (ZICO),"26,221",Stone Music Entertainment
2015,家內手工業 (가내수공업),,M&D,"26,168",지니뮤직
2015,Dark & Wild,,防弹少年团,"26,147",로엔엔터테인먼트
2015,종현 소품집 `이야기 Op.1`,,钟铉,"24,264",지니뮤직
2015,MAD Winter Edition,,GOT7,"24,119",지니뮤직
2015,정규1집 리패키지 XOXO (Kiss Ver.),,EXO,"24,062",지니뮤직
2015,NIEL 1ST SOLO `oNIELy`,,니엘 (NIEL),"23,757",로엔엔터테인먼트
2015,Crazy,,4Minute,"22,102",Universal Music
2015,So Good,,T-ara,"20,695",윈드밀미디어
2015,MY,,장현승,"19,872",Stone Music Entertainment
2015,Lovelyz8,,Lovelyz,"19,850",로엔엔터테인먼트
2015,Boyfriend In Wonderland,,Boyfriend,"19,789",로엔엔터테인먼트
2015,AH YEAH,,EXID,"19,534",Sony Music
2015,SHAKE IT,,Sistar,"19,396",로엔엔터테인먼트
2015,그리고...,,李晟基,"18,428",로엔엔터테인먼트
2015,Pink LUV,,Apink,"18,212",로엔엔터테인먼트
2015,#REAL#,,전진,"17,842",로엔엔터테인먼트
2015,The Anecdote,,E Sens,"17,775",지니뮤직
2015,BRAVO!,,UP10TION,"17,536",로엔엔터테인먼트
2015,김광석 Best,,金光锡,"17,449",Stone Music Entertainment
2015,쎄시봉 OST,,Various Artists,"17,331",Stone Music Entertainment
2015,"O! RUL8 ,2?",,防弹少年团,"16,621",로엔엔터테인먼트
2015,一級秘密 (일급비밀),,업텐션,"16,249",로엔엔터테인먼트
2015,Hi~,,Lovelyz,"16,079",로엔엔터테인먼트
2015,I am a Woman too,,민아(걸스데이),"15,471",로엔엔터테인먼트
2015,The 1st Mini Album `Beautiful`,,엠버 (AMBER),"15,099",지니뮤직
2015,중독 (Overdose),,EXO-K,"15,045",지니뮤직
2015,시간 참 빠르다,,李承哲,"14,916",Stone Music Entertainment
2015,‘MAMA’ EXO-K The 1st Mini Album,,EXO-K,"14,633",지니뮤직
2015,2 Cool 4 Skool,,防弹少年团,"14,501",로엔엔터테인먼트
2015,Identify,,GOT7,"14,406",지니뮤직
2015,FANTASIA,,전효성,"13,376",로엔엔터테인먼트
2015,I am...&I am,,申昇勋,"13,335",Stone Music Entertainment
2015,카라(KARA) 7th Mini Album `In Love`,,Kara,"13,220",로엔엔터테인먼트
2015,12월의 기적 (Miracles in December) (Korean...,,EXO,"13,151",지니뮤직
2015,One Great Step Returns Live,,Infinite,"13,020",Stone Music Entertainment
2015,Kiss My Lips - The 8th Album,,BoA,"12,595",지니뮤직
2015,2nd Mini Album `Flower Bud`,,GFRIEND,"11,957",지니뮤직
2016,WINGS,http://img.gaonchart.co.kr/uploadDir/aoaAlbumImg/thumb/D00204F4E6F74025AC51D7EC78694759.png,防弹少年团,"751,301",로엔엔터테인먼트
2016,EX’ACT - The 3rd Album (Korean Ver.),http://img.gaonchart.co.kr/uploadDir/aoaAlbumImg/thumb/FB95B3C00BCC4E8E9461EAB60CF8207C.jpg,EXO,"549,378",지니뮤직
2016,"For Life - 겨울 스페셜 앨범, 2016",http://img.gaonchart.co.kr/uploadDir/aoaAlbumImg/thumb/94E1E84E73384A87970596A57F93F236.jpg,EXO,"438,481",지니뮤직
2016,화양연화 Young Forever,http://img.gaonchart.co.kr/uploadDir/aoaAlbumImg/thumb/EA255667CCB64169A520F80537C91795.png,防弹少年团,"368,369",로엔엔터테인먼트
2016,TWICEcoaster _ LANE 1,http://img.gaonchart.co.kr/uploadDir/aoaAlbumImg/thumb/C68CCB66BEE14E5A86D479F582131E7A.jpg,TWICE,"350,852",지니뮤직
2016,Hey Mama! - The 1st Mini Album,,EXO-CBX,"275,191",지니뮤직
2016,LOTTO - The 3rd Album Repackage (Korea...,,EXO,"232,564",지니뮤직
2016,FLIGHT LOG _ TURBULENCE,,GOT7,"225,617",지니뮤직
2016,3rd Mini Album `Going Seventeen`,,Seventeen,"223,973",로엔엔터테인먼트
2016,1ST ALBUM FIRST `LOVE&LETTER′,,Seventeen,"191,122",로엔엔터테인먼트
2016,PAGE TWO,,TWICE,"179,452",지니뮤직
2016,1 of 1 - The 5th Album,,SHINee,"170,681",지니뮤직
2016,FLIGHT LOG _ DEPARTURE,,GOT7,"167,145",지니뮤직
2016,INFINITE ONLY,,Infinite,"129,806",로엔엔터테인먼트
2016,Press It - The 1st Album,,泰民,"115,232",지니뮤직
2016,Why- The 2nd Mini Album,,泰妍,"111,092",지니뮤직
2016,Zelos,,VIXX,"105,870",Stone Music Entertainment
2016,화양연화 pt.2,,防弹少年团,"105,784",로엔엔터테인먼트
2016,Hades,,VIXX,"102,554",Stone Music Entertainment
2016,THE CLAN Pt.2 `GUILTY`,,MonstaX,"100,358",로엔엔터테인먼트
2016,MADE (FULL),,BIGBANG,"100,000",지니뮤직
2016,화양연화 pt.1,,防弹少年团,"99,836",로엔엔터테인먼트
2016,Love & Letter Repackage Album,,Seventeen,"98,420",로엔엔터테인먼트
2016,Kratos,,VIXX,"97,176",Stone Music Entertainment
2016,miss me?,,I.O.I,"93,593",로엔엔터테인먼트
2016,THE CLAN pt.1 `LOST`,,MonstaX,"91,220",로엔엔터테인먼트
2016,NO.X,,金在中 (JYJ),"85,519",로엔엔터테인먼트
2016,Write..,,남우현,"83,677",로엔엔터테인먼트
2016,NCT #127 - The 1st Mini Album,,NCT 127,"83,272",지니뮤직
2016,"With Love, J",,Jessica,"80,783",윈드밀미디어
2016,BURST,,UP10TION,"80,765",로엔엔터테인먼트
2016,EXIT _ E,,WINNER,"79,330",지니뮤직
2016,RED POINT,,Teen Top,"78,880",로엔엔터테인먼트
2016,Highlight,,Beast,"77,362",Universal Music
2016,1st Mini Album `Chrysalis`,,I.O.I,"74,554",로엔엔터테인먼트
2016,2016 Re-ALBUM,,水晶男孩,"73,629",지니뮤직
2016,1 and 1 - The 5th Album Repackage,,SHINee,"69,445",지니뮤직
2016,Whatta Man,,I.O.I,"69,076",로엔엔터테인먼트
2016,GENTLEMEN`S GAME,,2PM,"68,652",지니뮤직
2016,당신의 지갑에는 얼마의 사랑이 있나요.,,박유천,"67,224",로엔엔터테인먼트
2016,GOOD TIMING,,B1A4,"67,031",로엔엔터테인먼트
2016,The 1st Album `LOL`,,GFRIEND,"66,391",로엔엔터테인먼트
2016,CARNIVAL,,B.A.P,"64,100",로엔엔터테인먼트
2016,I Just Wanna Dance - The 1st Mini Albu...,,티파니 (소녀시대),"63,154",지니뮤직
2016,SPOTLIGHT,,UP10TION,"62,848",로엔엔터테인먼트
2016,BLUEMING,,CNBLUE,"62,026",로엔엔터테인먼트
2016,Summer go!,,UP10TION,"60,561",로엔엔터테인먼트
2016,Autumn story,,ASTRO,"57,524",인터파크
2016,좋아 - The 1st Album,,钟铉,"57,163",지니뮤직
2016,Blooming Period,,Block B,"56,737",Stone Music Entertainment
2016,Russian Roulette - The 3rd Mini Album,,Red Velvet,"54,989",지니뮤직
2016,NOIR,,B.A.P,"52,812",로엔엔터테인먼트
2016,태양의 후예 OST Vol.1,,Various Artists,"51,348",뮤직앤뉴
2016,Remember that,,BTOB,"50,711",Universal Music
2016,THE STORY BEGINS,,TWICE,"50,575",지니뮤직
2016,Pink Revolution,,Apink,"50,375",로엔엔터테인먼트
2016,The Velvet - The 2nd Mini Album,,Red Velvet,"48,866",지니뮤직
2016,NEW MAN,,BTOB,"47,847",Universal Music
2016,MEMORY,,Mamamoo,"47,056",Stone Music Entertainment
2016,XIGNATURE,,XIA俊秀,"45,911",로엔엔터테인먼트
2016,"너를 기다린다(Waiting, Still) - The 3rd Mini...",,圭贤,"44,567",지니뮤직
2016,Here I Am - The 1st Mini Album,,예성,"43,563",지니뮤직
2016,Skool Luv Affair,,防弹少年团,"42,587",로엔엔터테인먼트
2016,FTISLAND 6th ALBUM ′Where′s the truth?...,,FTISLAND,"41,709",로엔엔터테인먼트
2016,I am A Dreamer,,박효신,"41,275",로엔엔터테인먼트
2016,Good Luck,,AOA,"40,282",로엔엔터테인먼트
2016,Dream,,정은지,"39,999",로엔엔터테인먼트
2016,WELCOME BACK (Full),,iKON,"39,906",지니뮤직
2016,어린왕자 (The Little Prince) - The 1st Min...,,려욱,"39,774",지니뮤직
2016,Melting,,Mamamoo,"39,143",Stone Music Entertainment
2016,Dark & Wild,,防弹少年团,"38,781",로엔엔터테인먼트
2016,WONDERLAND,,Jessica,"38,271",인터파크
2016,3rd Mini Album `SNOWFLAKE`,,GFRIEND,"37,744",로엔엔터테인먼트
2016,Dream,,"수지(Suzy), 백현(BAEKHYUN)","36,900",로엔엔터테인먼트
2016,Feeling Sensation,,SF9,"32,322",로엔엔터테인먼트
2016,The MOBB,,MOBB,"31,373",지니뮤직
2016,Dear,,Apink,"30,000",로엔엔터테인먼트
2016,Summer Vibes,,ASTRO,"29,907",윈드밀미디어
2016,2nd Mini Album `BOYS BE`,,Seventeen,"29,356",로엔엔터테인먼트
2016,A New Trilogy,,Lovelyz,"28,985",로엔엔터테인먼트
2016,태양의 후예 OST Vol. 2,,Various Artists,"28,850",뮤직앤뉴
2016,PUT′EM UP,,B.A.P,"27,297",로엔엔터테인먼트
2016,"O! RUL8 ,2?",,防弹少年团,"26,774",로엔엔터테인먼트
2016,내 얘길 들어봐,,오마이걸 (OH MY GIRL),"26,106",로엔엔터테인먼트
2016,UNCHANGING PART1,,神话,"26,014",Stone Music Entertainment
2016,그렇게 있어 줘,,산들 (B1A4),"25,411",로엔엔터테인먼트
2016,2 Cool 4 Skool,,防弹少年团,"25,212",로엔엔터테인먼트
2016,Spring Up,,ASTRO,"24,668",윈드밀미디어
2016,Mr. NO♡,,준케이 (JUN. K),"23,534",지니뮤직
2016,I - The 1st Mini Album,,泰妍,"23,354",지니뮤직
2016,EVERYTHING YOU WANTED,,朴宰范,"23,027",Stone Music Entertainment
2016,HIM (Spade Ver.),,히스토리 (HISTORY),"22,598",로엔엔터테인먼트
2016,HIM (Heart Ver.),,히스토리 (HISTORY),"22,450",로엔엔터테인먼트
2016,Act.1 The Little Mermaid,,구구단 (gugudan),"22,217",Stone Music Entertainment
2016,LOVE ME RIGHT - The 2nd Album Repackag...,,EXO,"21,656",지니뮤직
2016,E,,BIGBANG,"21,397",지니뮤직
2016,STREET,,EXID,"21,278",Sony Music
2016,WELCOME 2 BASTARZ,,BASTARZ(BlockB),"20,330",Stone Music Entertainment
2016,WINDY DAY,,오마이걸 (OH MY GIRL),"20,221",로엔엔터테인먼트
2016,PENTAGON,,펜타곤 (PENTAGON),"19,917",로엔엔터테인먼트
2017,LOVE YOURSELF 承 `Her`,http://img.gaonchart.co.kr/uploadDir/aoaAlbumImg/thumb/C2CC952CB6984D719E64A3D04E8A4141.png,防弹少年团,"1,493,443",로엔엔터테인먼트
2017,THE WAR - The 4th Album (Korean Ver.),http://img.gaonchart.co.kr/uploadDir/aoaAlbumImg/thumb/2172DFAA8B9E41A3A47B5C17E9170A57.jpg,EXO,"949,827",지니뮤직
2017,YOU NEVER WALK ALONE,http://img.gaonchart.co.kr/uploadDir/aoaAlbumImg/thumb/DED07710BBC7409E9ADD46F7F91073D1.png,防弹少年团,"768,402",로엔엔터테인먼트
2017,1X1=1(TO BE ONE),http://img.gaonchart.co.kr/uploadDir/aoaAlbumImg/thumb/6A41EC6258AB4F6C8968B8D2E2DDEAA1.png,Wanna One,"741,546",Stone Music Entertainment
2017,1-1=0 (NOTHING WITHOUT YOU),http://img.gaonchart.co.kr/uploadDir/aoaAlbumImg/thumb/8590E4955A5E449D8BBF97BAF48E9530.png,Wanna One,"614,072",Stone Music Entertainment
2017,"Universe - 겨울 스페셜 앨범, 2017",,EXO,"516,062",지니뮤직
2017,The Power Of Music - The 4th Album Rep...,,EXO,"455,269",지니뮤직
2017,7 for 7,,GOT7,"368,589",지니뮤직
2017,"2ND ALBUM `TEEN, AGE`",,Seventeen,"357,296",로엔엔터테인먼트
2017,FLIGHT LOG _ ARRIVAL,,GOT7,"334,316",지니뮤직
2017,4th Mini Album ‘Al1’,,Seventeen,"331,888",로엔엔터테인먼트
2017,twicetagram,,TWICE,"320,389",지니뮤직
2017,"W, HERE",,뉴이스트 W,"308,108",Stone Music Entertainment
2017,SIGNAL,,TWICE,"285,294",지니뮤직
2017,TWICEcoaster _ LANE 2,,TWICE,"277,716",지니뮤직
2017,PLAY - The 8th Album,,Super Junior,"237,491",지니뮤직
2017,Be ordinary,,황치열,"224,071",NHN벅스
2017,Holiday Night - The 6th Album,,少女时代,"167,638",지니뮤직
2017,Merry & Happy,,TWICE,"165,347",지니뮤직
2017,MADE (FULL),,BIGBANG,"157,513",지니뮤직
2017,THE CODE,,MonstaX,"155,933",로엔엔터테인먼트
2017,My Voice - The 1st Album,,泰妍,"141,200",지니뮤직
2017,FANTASY,,JBJ,"134,900",로엔엔터테인먼트
2017,THE CLAN pt.2.5 [BEAUTIFUL],,MonstaX,"130,814",로엔엔터테인먼트
2017,NCT #127 CHERRY BOMB - The 3rd Mini Al...,,NCT 127,"127,642",지니뮤직
2017,NCT #127 Limitless - The 2nd Mini Albu...,,NCT 127,"121,109",지니뮤직
2017,Verse 2,,JJ Project,"116,274",지니뮤직
2017,MOVE - The 2nd Album,,泰民,"115,286",지니뮤직
2017,CAN YOU FEEL IT?,,Highlight,"114,303",로엔엔터테인먼트
2017,CELEBRATE,,Highlight,"113,154",로엔엔터테인먼트
2017,Brother Act.,,BTOB,"100,594",로엔엔터테인먼트
2017,ANOTHER LIGHT,,水晶男孩,"98,529",지니뮤직
2017,STAR;DOM,,UP10TION,"95,523",로엔엔터테인먼트
2017,WINGS,,防弹少年团,"93,132",로엔엔터테인먼트
2017,Perfect Velvet - The 2nd Album,,Red Velvet,"90,456",지니뮤직
2017,화양연화 Young Forever,,防弹少年团,"89,761",로엔엔터테인먼트
2017,桃源境 (도원경),,VIXX,"87,801",Stone Music Entertainment
2017,Rookie - The 4th Mini Album,,Red Velvet,"87,091",지니뮤직
2017,The First - The 1st Single Album,,NCT DREAM,"82,654",지니뮤직
2017,Dream Part.01,,ASTRO,"81,226",인터파크
2017,We Young - The 1st Mini Album,,NCT DREAM,"80,905",지니뮤직
2017,Rollin`,,B1A4,"79,212",로엔엔터테인먼트
2017,The Red Summer - Summer Mini Album,,Red Velvet,"78,846",지니뮤직
2017,My Voice - The 1st Album Deluxe Editio...,,泰妍,"77,188",지니뮤직
2017,Feel`eM,,BTOB,"75,617",로엔엔터테인먼트
2017,도깨비 OST Pack,,Various Artists,"75,397",Stone Music Entertainment
2017,The 4th Mini Album `THE AWAKENING`,,GFRIEND,"75,363",로엔엔터테인먼트
2017,THE 20TH ANNIVERSARY,,水晶男孩,"73,188",지니뮤직
2017,NEW KIDS _ BEGIN,,iKON,"70,949",지니뮤직
2017,Palette,,IU,"70,568",로엔엔터테인먼트
2017,This Christmas Winter is Coming,,泰妍,"69,099",지니뮤직
2017,SHINE FOREVER,,MonstaX,"66,684",로엔엔터테인먼트
2017,FATE NUMBER FOR,,WINNER,"66,494",지니뮤직
2017,SHINHWA 13TH UNCHANGING - TOUCH,,神话,"66,083",Stone Music Entertainment
2017,JUNG YONG HWA 1ST MINI ALBUM DO DISTUR...,,정용화(Jung Yong Hwa),"65,771",로엔엔터테인먼트
2017,화양연화 pt.2,,防弹少年团,"63,360",로엔엔터테인먼트
2017,The 5th Mini Album ＜PARALLEL＞,,GFRIEND,"62,781",로엔엔터테인먼트
2017,UNMIX,,MXM (BRANDNEW BOYS),"60,021",Warner Music
2017,화양연화 pt.1,,防弹少年团,"59,768",로엔엔터테인먼트
2017,The 8th Album ′PLAY PAUSE Ver.′,,Super Junior,"58,734",지니뮤직
2017,OUR TWENTY FOR,,WINNER,"57,502",지니뮤직
2017,HIGH FIVE,,Teen Top,"57,409",로엔엔터테인먼트
2017,Purple,,Mamamoo,"55,589",Stone Music Entertainment
2017,Pink UP,,Apink,"53,675",로엔엔터테인먼트
2017,CNBLUE 7TH MINI ALBUM 7℃N,,CNBLUE,"53,559",로엔엔터테인먼트
2017,꽃갈피 둘,,IU,"49,862",로엔엔터테인먼트
2017,PAGE TWO,,TWICE,"49,748",지니뮤직
2017,WEME,,위키미키 (Weki Meki),"49,476",인터파크
2017,THE BOYZ DEBUT ALBUM [THE FIRST],,더보이즈(THE BOYZ),"48,971",로엔엔터테인먼트
2017,MOVE-ing - The 2nd Album Repackage,,泰民,"48,378",지니뮤직
2017,WHITE NIGHT,,태양,"47,365",지니뮤직
2017,Skool Luv Affair,,防弹少年团,"46,780",로엔엔터테인먼트
2017,Dream Part.02,,ASTRO,"46,285",인터파크
2017,3rd Mini Album `Going Seventeen`,,Seventeen,"45,893",로엔엔터테인먼트
2017,Lovelyz 2nd Album ′R U Ready?′,,Lovelyz,"44,874",Stone Music Entertainment
2017,My Decade,,Jessica,"44,778",인터파크
2017,ROSE,,B.A.P,"43,836",로엔엔터테인먼트
2017,Lovelyz 3rd Mini Album [Fall in Lovely...,,Lovelyz,"43,687",Stone Music Entertainment
2017,The 1st Mini Album `HI! PRISTIN`,,PRISTIN,"43,300",로엔엔터테인먼트
2017,Dark & Wild,,防弹少年团,"42,953",로엔엔터테인먼트
2017,2nd Mini Album Whisper,,LR(VIXX),"42,762",Stone Music Entertainment
2017,TWICEcoaster _ LANE 1,,TWICE,"42,632",지니뮤직
2017,BOYFRIEND 5th EP `NEVER END`,,Boyfriend,"41,964",로엔엔터테인먼트
2017,THE 1ST MINI ALBUM PART.1 [EVER],,정세운,"41,586",로엔엔터테인먼트
2017,SUNRISE,,DAY6,"39,225",지니뮤직
2017,MOONRISE,,DAY6,"39,008",지니뮤직
2017,CALLING YOU,,Highlight,"38,545",로엔엔터테인먼트
2017,HAPPY MOMENT,,우주소녀,"38,368",로엔엔터테인먼트
2017,The 5th Mini Album Repackage `RAINBOW`,,GFRIEND,"37,474",로엔엔터테인먼트
2017,종현 소품집 `이야기 Op.2`,,钟铉,"37,119",지니뮤직
2017,From. 우주소녀,,우주소녀,"36,441",로엔엔터테인먼트
2017,AOA 1st Album ANGEL`S KNOCK,,AOA,"35,013",로엔엔터테인먼트
2017,SIXTEEN,,사무엘,"34,048",로엔엔터테인먼트
2017,SF9 First Mini Album ′Burning Sensatio...,,SF9,"33,997",로엔엔터테인먼트
2017,Don’t Say No - The 1st Mini Album,,서현 (SEOHYUN),"33,369",지니뮤직
2017,2 Cool 4 Skool,,防弹少年团,"33,008",로엔엔터테인먼트
2017,the.the.the,,용국 & 시현,"32,935",NHN벅스
2017,SF9 3rd Mini Album [ Knights of the Su...,,SF9,"32,864",로엔엔터테인먼트
2017,"O! RUL8 ,2?",,防弹少年团,"32,516",로엔엔터테인먼트
2017,FTISLAND 10th Anniversary Album `OVER ...,,FTISLAND,"30,750",로엔엔터테인먼트
